<?xml version="1.0" encoding="UTF-8"?>
<project-private xmlns="http://www.netbeans.org/ns/project-private/1">
    <editor-bookmarks xmlns="http://www.netbeans.org/ns/editor-bookmarks/2" lastBookmarkId="0"/>
    <open-files xmlns="http://www.netbeans.org/ns/projectui-open-files/2">
        <group>
            <file>file:/home/bscs_A/NetBeansProjects/Avila/BabarakalonProgram/src/babarakalonprogram/ItemController.java</file>
            <file>file:/home/bscs_A/NetBeansProjects/Avila/BabarakalonProgram/src/babarakalonprogram/BabarakalonProgram.java</file>
            <file>file:/home/bscs_A/NetBeansProjects/Avila/BabarakalonProgram/src/babarakalonprogram/ItemModel.java</file>
            <file>file:/home/bscs_A/NetBeansProjects/Avila/BabarakalonProgram/src/babarakalonprogram/ItemView.java</file>
        </group>
    </open-files>
</project-private>
